pdbid,path,sort
1h9d,../DATA/db/assemblies/1h9d-assembly1.cif,s
1f4s,../DATA/db/assemblies/1f4s-assembly1.cif,s
1wto,../DATA/db/assemblies/1wto-assembly1.cif,s
1p71,../DATA/db/assemblies/1p71-assembly1.cif,s
1apl,../DATA/db/assemblies/1apl-assembly1.cif,s
1pnr,../DATA/db/assemblies/1pnr-assembly1.cif,s
1lcd,../DATA/db/assemblies/1lcd-assembly1.cif,s
1o3s,../DATA/db/assemblies/1o3s-assembly1.cif,f
1lq1,../DATA/db/assemblies/1lq1-assembly1.cif,s
1lrr,../DATA/db/assemblies/1lrr-assembly2.cif,s
1wd1,../DATA/db/assemblies/1wd1-assembly1.cif,s
1xhv,../DATA/db/assemblies/1xhv-assembly1.cif,f
1azp,../DATA/db/assemblies/1azp-assembly1.cif,s
1nlw,../DATA/db/assemblies/1nlw-assembly1.cif,s
1rxv,../DATA/db/assemblies/1rxv-assembly1.cif,f
1if1,../DATA/db/assemblies/1if1-assembly1.cif,s
1tf6,../DATA/db/assemblies/1tf6-assembly1.cif,s
1qn9,../DATA/db/assemblies/1qn9-assembly1.cif,s
2d45,../DATA/db/assemblies/2d45-assembly1.cif,s
2f8x,../DATA/db/assemblies/2f8x-assembly1.cif,s
1zqa,../DATA/db/assemblies/1zqa-assembly1.cif,d
1ca6,../DATA/db/assemblies/1ca6-assembly1.cif,s
1zs4,../DATA/db/assemblies/1zs4-assembly1.cif,s
1jkp,../DATA/db/assemblies/1jkp-assembly1.cif,s
1lcc,../DATA/db/assemblies/1lcc-assembly1.cif,s
1wtq,../DATA/db/assemblies/1wtq-assembly1.cif,s
1qrv,../DATA/db/assemblies/1qrv-assembly1.cif,f
2c7r,../DATA/db/assemblies/2c7r-assembly1.cif,s
1eyg,../DATA/db/assemblies/1eyg-assembly1.cif,d
1gt0,../DATA/db/assemblies/1gt0-assembly1.cif,s
1t39,../DATA/db/assemblies/1t39-assembly1.cif,s
2c6y,../DATA/db/assemblies/2c6y-assembly1.cif,s
2ewj,../DATA/db/assemblies/2ewj-assembly1.cif,f
1o3t,../DATA/db/assemblies/1o3t-assembly1.cif,f
1bnk,../DATA/db/assemblies/1bnk-assembly1.cif,s
1p7h,../DATA/db/assemblies/1p7h-assembly1.cif,s
1fym,../DATA/db/assemblies/1fym-assembly1.cif,s
2ddg,../DATA/db/assemblies/2ddg-assembly1.cif,f
1pyi,../DATA/db/assemblies/1pyi-assembly1.cif,s
1e3o,../DATA/db/assemblies/1e3o-assembly1.cif,f
1d1u,../DATA/db/assemblies/1d1u-assembly1.cif,d
1pji,../DATA/db/assemblies/1pji-assembly1.cif,s
1qne,../DATA/db/assemblies/1qne-assembly1.cif,s
2d5v,../DATA/db/assemblies/2d5v-assembly2.cif,s
2bjc,../DATA/db/assemblies/2bjc-assembly1.cif,s
1tf3,../DATA/db/assemblies/1tf3-assembly1.cif,s
1efa,../DATA/db/assemblies/1efa-assembly1.cif,s
1zlk,../DATA/db/assemblies/1zlk-assembly1.cif,s
1brn,../DATA/db/assemblies/1brn-assembly1.cif,d
1kb6,../DATA/db/assemblies/1kb6-assembly1.cif,s
2bnz,../DATA/db/assemblies/2bnz-assembly1.cif,f
1mjo,../DATA/db/assemblies/1mjo-assembly1.cif,s
1oct,../DATA/db/assemblies/1oct-assembly1.cif,s
1r2y,../DATA/db/assemblies/1r2y-assembly1.cif,s
1mjp,../DATA/db/assemblies/1mjp-assembly1.cif,s
1zbl,../DATA/db/assemblies/1zbl-assembly1.cif,s
1run,../DATA/db/assemblies/1run-assembly1.cif,s
1hrz,../DATA/db/assemblies/1hrz-assembly1.cif,s
2asd,../DATA/db/assemblies/2asd-assembly2.cif,d
1wtr,../DATA/db/assemblies/1wtr-assembly1.cif,s
1n39,../DATA/db/assemblies/1n39-assembly1.cif,s
1a0a,../DATA/db/assemblies/1a0a-assembly1.cif,s
1qri,../DATA/db/assemblies/1qri-assembly1.cif,s
1co0,../DATA/db/assemblies/1co0-assembly1.cif,s
1ouq,../DATA/db/assemblies/1ouq-assembly1.cif,f
1gcc,../DATA/db/assemblies/1gcc-assembly1.cif,s
1skn,../DATA/db/assemblies/1skn-assembly1.cif,s
1g4d,../DATA/db/assemblies/1g4d-assembly1.cif,s
1a02,../DATA/db/assemblies/1a02-assembly1.cif,s
1t2s,../DATA/db/assemblies/1t2s-assembly1.cif,d
1qum,../DATA/db/assemblies/1qum-assembly1.cif,d
1ozj,../DATA/db/assemblies/1ozj-assembly1.cif,s
1u1l,../DATA/db/assemblies/1u1l-assembly1.cif,d
1zzj,../DATA/db/assemblies/1zzj-assembly1.cif,d
1fiu,../DATA/db/assemblies/1fiu-assembly1.cif,f
1o3r,../DATA/db/assemblies/1o3r-assembly1.cif,f
1d02,../DATA/db/assemblies/1d02-assembly1.cif,s
1m0e,../DATA/db/assemblies/1m0e-assembly1.cif,s
1zbi,../DATA/db/assemblies/1zbi-assembly1.cif,s
1rio,../DATA/db/assemblies/1rio-assembly1.cif,s
1j5n,../DATA/db/assemblies/1j5n-assembly1.cif,s
2cgp,../DATA/db/assemblies/2cgp-assembly1.cif,f
1o4x,../DATA/db/assemblies/1o4x-assembly1.cif,s
1hlv,../DATA/db/assemblies/1hlv-assembly1.cif,s
1l2d,../DATA/db/assemblies/1l2d-assembly1.cif,s
1q3f,../DATA/db/assemblies/1q3f-assembly1.cif,s
1rz9,../DATA/db/assemblies/1rz9-assembly1.cif,s
1hjb,../DATA/db/assemblies/1hjb-assembly1.cif,s
2c22,../DATA/db/assemblies/2c22-assembly1.cif,s
1j75,../DATA/db/assemblies/1j75-assembly1.cif,s
1gd2,../DATA/db/assemblies/1gd2-assembly1.cif,s
1ign,../DATA/db/assemblies/1ign-assembly1.cif,s
1rgt,../DATA/db/assemblies/1rgt-assembly1.cif,d
1hut,../DATA/db/assemblies/1hut-assembly1.cif,d
1orp,../DATA/db/assemblies/1orp-assembly1.cif,s
1k82,../DATA/db/assemblies/1k82-assembly1.cif,s
1ku7,../DATA/db/assemblies/1ku7-assembly1.cif,s
1nwq,../DATA/db/assemblies/1nwq-assembly1.cif,s
1yfh,../DATA/db/assemblies/1yfh-assembly1.cif,s
2ex5,../DATA/db/assemblies/2ex5-assembly1.cif,s
1f4r,../DATA/db/assemblies/1f4r-assembly1.cif,s
1sxp,../DATA/db/assemblies/1sxp-assembly1.cif,f
1u1r,../DATA/db/assemblies/1u1r-assembly1.cif,d
1zm5,../DATA/db/assemblies/1zm5-assembly1.cif,d
1ttu,../DATA/db/assemblies/1ttu-assembly1.cif,s
1cqt,../DATA/db/assemblies/1cqt-assembly1.cif,s
1lli,../DATA/db/assemblies/1lli-assembly1.cif,s
1pdn,../DATA/db/assemblies/1pdn-assembly1.cif,s
1p78,../DATA/db/assemblies/1p78-assembly1.cif,s
1g38,../DATA/db/assemblies/1g38-assembly1.cif,s
1bdx,../DATA/db/assemblies/1bdx-assembly1.cif,d
1yql,../DATA/db/assemblies/1yql-assembly1.cif,s
1ubd,../DATA/db/assemblies/1ubd-assembly1.cif,s
1zqr,../DATA/db/assemblies/1zqr-assembly1.cif,f
1qzg,../DATA/db/assemblies/1qzg-assembly1.cif,d
2b0d,../DATA/db/assemblies/2b0d-assembly1.cif,s
1pjj,../DATA/db/assemblies/1pjj-assembly1.cif,s
1tsr,../DATA/db/assemblies/1tsr-assembly1.cif,s
1ph2,../DATA/db/assemblies/1ph2-assembly1.cif,d
1s97,../DATA/db/assemblies/1s97-assembly1.cif,f
1hdd,../DATA/db/assemblies/1hdd-assembly1.cif,s
1rvb,../DATA/db/assemblies/1rvb-assembly1.cif,s
1h6f,../DATA/db/assemblies/1h6f-assembly1.cif,s
1azq,../DATA/db/assemblies/1azq-assembly1.cif,s
1ca5,../DATA/db/assemblies/1ca5-assembly1.cif,s
2c2d,../DATA/db/assemblies/2c2d-assembly1.cif,f
1oj8,../DATA/db/assemblies/1oj8-assembly1.cif,d
1zqn,../DATA/db/assemblies/1zqn-assembly1.cif,f
1qrh,../DATA/db/assemblies/1qrh-assembly1.cif,s
2axy,../DATA/db/assemblies/2axy-assembly1.cif,d
1rbj,../DATA/db/assemblies/1rbj-assembly1.cif,d
2a3v,../DATA/db/assemblies/2a3v-assembly1.cif,f
1jb7,../DATA/db/assemblies/1jb7-assembly1.cif,d
1dc1,../DATA/db/assemblies/1dc1-assembly1.cif,s
1a1k,../DATA/db/assemblies/1a1k-assembly1.cif,s
1n4l,../DATA/db/assemblies/1n4l-assembly1.cif,d
1mjq,../DATA/db/assemblies/1mjq-assembly1.cif,s
1ph3,../DATA/db/assemblies/1ph3-assembly1.cif,d
1s9f,../DATA/db/assemblies/1s9f-assembly1.cif,d
1bf4,../DATA/db/assemblies/1bf4-assembly1.cif,s
1a3q,../DATA/db/assemblies/1a3q-assembly1.cif,s
1le5,../DATA/db/assemblies/1le5-assembly1.cif,s
2c7q,../DATA/db/assemblies/2c7q-assembly1.cif,s
1wd0,../DATA/db/assemblies/1wd0-assembly1.cif,s
1u1n,../DATA/db/assemblies/1u1n-assembly1.cif,d
1b8i,../DATA/db/assemblies/1b8i-assembly1.cif,s
1cyq,../DATA/db/assemblies/1cyq-assembly1.cif,s
1gji,../DATA/db/assemblies/1gji-assembly1.cif,s
1f5t,../DATA/db/assemblies/1f5t-assembly1.cif,s
2c2r,../DATA/db/assemblies/2c2r-assembly1.cif,d
1qp0,../DATA/db/assemblies/1qp0-assembly1.cif,s
1s9k,../DATA/db/assemblies/1s9k-assembly1.cif,s
1nop,../DATA/db/assemblies/1nop-assembly1.cif,d
1gxp,../DATA/db/assemblies/1gxp-assembly1.cif,s
1u8r,../DATA/db/assemblies/1u8r-assembly1.cif,s
1cma,../DATA/db/assemblies/1cma-assembly1.cif,s
1zqd,../DATA/db/assemblies/1zqd-assembly1.cif,f
1gtw,../DATA/db/assemblies/1gtw-assembly2.cif,s
1pzu,../DATA/db/assemblies/1pzu-assembly1.cif,s
2e43,../DATA/db/assemblies/2e43-assembly1.cif,s
1zqj,../DATA/db/assemblies/1zqj-assembly1.cif,d
1tdz,../DATA/db/assemblies/1tdz-assembly1.cif,s
1ckt,../DATA/db/assemblies/1ckt-assembly1.cif,s
1r4i,../DATA/db/assemblies/1r4i-assembly1.cif,s
1jk2,../DATA/db/assemblies/1jk2-assembly1.cif,s
1cit,../DATA/db/assemblies/1cit-assembly1.cif,s
1mey,../DATA/db/assemblies/1mey-assembly1.cif,s
1zme,../DATA/db/assemblies/1zme-assembly1.cif,s
1lo1,../DATA/db/assemblies/1lo1-assembly1.cif,s
2euz,../DATA/db/assemblies/2euz-assembly1.cif,s
1k8g,../DATA/db/assemblies/1k8g-assembly1.cif,d
1pm5,../DATA/db/assemblies/1pm5-assembly1.cif,s
1zql,../DATA/db/assemblies/1zql-assembly1.cif,d
1qn4,../DATA/db/assemblies/1qn4-assembly1.cif,s
1bl0,../DATA/db/assemblies/1bl0-assembly1.cif,s
2alz,../DATA/db/assemblies/2alz-assembly1.cif,f
1bhm,../DATA/db/assemblies/1bhm-assembly1.cif,s
1omh,../DATA/db/assemblies/1omh-assembly1.cif,d
1rv5,../DATA/db/assemblies/1rv5-assembly1.cif,s
2atl,../DATA/db/assemblies/2atl-assembly1.cif,f
1pp8,../DATA/db/assemblies/1pp8-assembly1.cif,s
1k78,../DATA/db/assemblies/1k78-assembly2.cif,s
2ac0,../DATA/db/assemblies/2ac0-assembly1.cif,f
1hf0,../DATA/db/assemblies/1hf0-assembly1.cif,s
1rg1,../DATA/db/assemblies/1rg1-assembly1.cif,d
1zre,../DATA/db/assemblies/1zre-assembly1.cif,f
1imh,../DATA/db/assemblies/1imh-assembly1.cif,s
1osb,../DATA/db/assemblies/1osb-assembly2.cif,d
1dsz,../DATA/db/assemblies/1dsz-assembly1.cif,s
2ata,../DATA/db/assemblies/2ata-assembly1.cif,s
1u1k,../DATA/db/assemblies/1u1k-assembly1.cif,d
1rff,../DATA/db/assemblies/1rff-assembly1.cif,d
1zg1,../DATA/db/assemblies/1zg1-assembly2.cif,s
2evi,../DATA/db/assemblies/2evi-assembly1.cif,s
1wvl,../DATA/db/assemblies/1wvl-assembly1.cif,s
1hjc,../DATA/db/assemblies/1hjc-assembly1.cif,s
1b95,../DATA/db/assemblies/1b95-assembly1.cif,s
1zqm,../DATA/db/assemblies/1zqm-assembly1.cif,f
1yfj,../DATA/db/assemblies/1yfj-assembly1.cif,d
2ayg,../DATA/db/assemblies/2ayg-assembly1.cif,s
2a0i,../DATA/db/assemblies/2a0i-assembly1.cif,d
1l1m,../DATA/db/assemblies/1l1m-assembly1.cif,s
1c9b,../DATA/db/assemblies/1c9b-assembly1.cif,s
1rys,../DATA/db/assemblies/1rys-assembly2.cif,d
1cl8,../DATA/db/assemblies/1cl8-assembly1.cif,s
1n3c,../DATA/db/assemblies/1n3c-assembly1.cif,s
1s0m,../DATA/db/assemblies/1s0m-assembly1.cif,d
10mh,../DATA/db/assemblies/10mh-assembly1.cif,s
2evf,../DATA/db/assemblies/2evf-assembly1.cif,s
2euv,../DATA/db/assemblies/2euv-assembly1.cif,s
1pvp,../DATA/db/assemblies/1pvp-assembly1.cif,d
2dp6,../DATA/db/assemblies/2dp6-assembly1.cif,s
1mow,../DATA/db/assemblies/1mow-assembly2.cif,s
2ccz,../DATA/db/assemblies/2ccz-assembly1.cif,d
1eop,../DATA/db/assemblies/1eop-assembly1.cif,s
1wtw,../DATA/db/assemblies/1wtw-assembly1.cif,s
1b97,../DATA/db/assemblies/1b97-assembly1.cif,s
1t2k,../DATA/db/assemblies/1t2k-assembly1.cif,s
1nkp,../DATA/db/assemblies/1nkp-assembly1.cif,s
1yf3,../DATA/db/assemblies/1yf3-assembly1.cif,s
1rep,../DATA/db/assemblies/1rep-assembly1.cif,s
1ynw,../DATA/db/assemblies/1ynw-assembly1.cif,s
1ztt,../DATA/db/assemblies/1ztt-assembly1.cif,d
2exf,../DATA/db/assemblies/2exf-assembly1.cif,d
2bam,../DATA/db/assemblies/2bam-assembly1.cif,s
1d2i,../DATA/db/assemblies/1d2i-assembly1.cif,s
1zqe,../DATA/db/assemblies/1zqe-assembly1.cif,d
1pue,../DATA/db/assemblies/1pue-assembly1.cif,s
1tqe,../DATA/db/assemblies/1tqe-assembly1.cif,s
1msf,../DATA/db/assemblies/1msf-assembly1.cif,s
1suz,../DATA/db/assemblies/1suz-assembly1.cif,s
1io4,../DATA/db/assemblies/1io4-assembly1.cif,s
1lei,../DATA/db/assemblies/1lei-assembly1.cif,s
1b96,../DATA/db/assemblies/1b96-assembly1.cif,s
1mnn,../DATA/db/assemblies/1mnn-assembly1.cif,s
1srs,../DATA/db/assemblies/1srs-assembly1.cif,s
2es2,../DATA/db/assemblies/2es2-assembly1.cif,d
1vto,../DATA/db/assemblies/1vto-assembly1.cif,s
1f6o,../DATA/db/assemblies/1f6o-assembly1.cif,s
1odg,../DATA/db/assemblies/1odg-assembly1.cif,s
1gu5,../DATA/db/assemblies/1gu5-assembly1.cif,s
1ztw,../DATA/db/assemblies/1ztw-assembly1.cif,d
1zqg,../DATA/db/assemblies/1zqg-assembly1.cif,d
2bgw,../DATA/db/assemblies/2bgw-assembly1.cif,d
1n3e,../DATA/db/assemblies/1n3e-assembly1.cif,f
1jgg,../DATA/db/assemblies/1jgg-assembly1.cif,s
1ahd,../DATA/db/assemblies/1ahd-assembly1.cif,s
1pvi,../DATA/db/assemblies/1pvi-assembly1.cif,s
1ph5,../DATA/db/assemblies/1ph5-assembly1.cif,f
1mdy,../DATA/db/assemblies/1mdy-assembly1.cif,s
2bqu,../DATA/db/assemblies/2bqu-assembly1.cif,d
1jwl,../DATA/db/assemblies/1jwl-assembly1.cif,s
1otc,../DATA/db/assemblies/1otc-assembly1.cif,d
1dh3,../DATA/db/assemblies/1dh3-assembly1.cif,s
1p7d,../DATA/db/assemblies/1p7d-assembly1.cif,f
1xbr,../DATA/db/assemblies/1xbr-assembly1.cif,s
1sx8,../DATA/db/assemblies/1sx8-assembly1.cif,s
1ram,../DATA/db/assemblies/1ram-assembly1.cif,s
1u1m,../DATA/db/assemblies/1u1m-assembly1.cif,d
1kb4,../DATA/db/assemblies/1kb4-assembly1.cif,s
1pp7,../DATA/db/assemblies/1pp7-assembly1.cif,s
2c9n,../DATA/db/assemblies/2c9n-assembly1.cif,s
2dpd,../DATA/db/assemblies/2dpd-assembly1.cif,s
1ixy,../DATA/db/assemblies/1ixy-assembly1.cif,s
1mnm,../DATA/db/assemblies/1mnm-assembly1.cif,s
1dct,../DATA/db/assemblies/1dct-assembly1.cif,s
1w0u,../DATA/db/assemblies/1w0u-assembly1.cif,s
1lww,../DATA/db/assemblies/1lww-assembly1.cif,s
1rg2,../DATA/db/assemblies/1rg2-assembly1.cif,d
2e42,../DATA/db/assemblies/2e42-assembly1.cif,s
1j59,../DATA/db/assemblies/1j59-assembly1.cif,s
1qaj,../DATA/db/assemblies/1qaj-assembly1.cif,d
1xns,../DATA/db/assemblies/1xns-assembly1.cif,d
1uut,../DATA/db/assemblies/1uut-assembly1.cif,d
1fos,../DATA/db/assemblies/1fos-assembly1.cif,s
1mm8,../DATA/db/assemblies/1mm8-assembly1.cif,d
1j4w,../DATA/db/assemblies/1j4w-assembly1.cif,d
1p47,../DATA/db/assemblies/1p47-assembly1.cif,s
1dux,../DATA/db/assemblies/1dux-assembly1.cif,f
1n3f,../DATA/db/assemblies/1n3f-assembly1.cif,s
1zrd,../DATA/db/assemblies/1zrd-assembly1.cif,s
1yqr,../DATA/db/assemblies/1yqr-assembly1.cif,s
1gau,../DATA/db/assemblies/1gau-assembly1.cif,s
1bss,../DATA/db/assemblies/1bss-assembly1.cif,s
1de9,../DATA/db/assemblies/1de9-assembly1.cif,d
2eux,../DATA/db/assemblies/2eux-assembly1.cif,s
1bvo,../DATA/db/assemblies/1bvo-assembly1.cif,f
1orn,../DATA/db/assemblies/1orn-assembly1.cif,s
1jkr,../DATA/db/assemblies/1jkr-assembly1.cif,s
1zqh,../DATA/db/assemblies/1zqh-assembly1.cif,d
1fn7,../DATA/db/assemblies/1fn7-assembly1.cif,s
1c7u,../DATA/db/assemblies/1c7u-assembly1.cif,s
2c7a,../DATA/db/assemblies/2c7a-assembly1.cif,s
1osl,../DATA/db/assemblies/1osl-assembly1.cif,s
1vtn,../DATA/db/assemblies/1vtn-assembly1.cif,s
1f0o,../DATA/db/assemblies/1f0o-assembly1.cif,s
1eoo,../DATA/db/assemblies/1eoo-assembly1.cif,s
1zqp,../DATA/db/assemblies/1zqp-assembly1.cif,d
1tx3,../DATA/db/assemblies/1tx3-assembly2.cif,f
1rpz,../DATA/db/assemblies/1rpz-assembly1.cif,d
1ig7,../DATA/db/assemblies/1ig7-assembly1.cif,s
1vtl,../DATA/db/assemblies/1vtl-assembly1.cif,s
1ytf,../DATA/db/assemblies/1ytf-assembly1.cif,s
1bdt,../DATA/db/assemblies/1bdt-assembly1.cif,s
1u1p,../DATA/db/assemblies/1u1p-assembly1.cif,d
1nzb,../DATA/db/assemblies/1nzb-assembly1.cif,s
1t2t,../DATA/db/assemblies/1t2t-assembly1.cif,s
2evh,../DATA/db/assemblies/2evh-assembly1.cif,s
1zqq,../DATA/db/assemblies/1zqq-assembly1.cif,d
1f4k,../DATA/db/assemblies/1f4k-assembly1.cif,s
1lws,../DATA/db/assemblies/1lws-assembly1.cif,s
1ea4,../DATA/db/assemblies/1ea4-assembly2.cif,s
1hbx,../DATA/db/assemblies/1hbx-assembly1.cif,s
1u78,../DATA/db/assemblies/1u78-assembly1.cif,s
1n56,../DATA/db/assemblies/1n56-assembly2.cif,d
1iu3,../DATA/db/assemblies/1iu3-assembly1.cif,s
1rvc,../DATA/db/assemblies/1rvc-assembly1.cif,f
1mdm,../DATA/db/assemblies/1mdm-assembly1.cif,s
1mse,../DATA/db/assemblies/1mse-assembly1.cif,s
1jnm,../DATA/db/assemblies/1jnm-assembly1.cif,s
2f03,../DATA/db/assemblies/2f03-assembly1.cif,s
1tup,../DATA/db/assemblies/1tup-assembly1.cif,s
1dgc,../DATA/db/assemblies/1dgc-assembly1.cif,s
1ga5,../DATA/db/assemblies/1ga5-assembly1.cif,s
1oe6,../DATA/db/assemblies/1oe6-assembly1.cif,d
1z9c,../DATA/db/assemblies/1z9c-assembly1.cif,s
2bcv,../DATA/db/assemblies/2bcv-assembly1.cif,d
1bdi,../DATA/db/assemblies/1bdi-assembly1.cif,s
1xc8,../DATA/db/assemblies/1xc8-assembly1.cif,s
1rta,../DATA/db/assemblies/1rta-assembly1.cif,d
1kix,../DATA/db/assemblies/1kix-assembly1.cif,d
1hw2,../DATA/db/assemblies/1hw2-assembly1.cif,s
1ma7,../DATA/db/assemblies/1ma7-assembly1.cif,d
1u0c,../DATA/db/assemblies/1u0c-assembly1.cif,s
1k3w,../DATA/db/assemblies/1k3w-assembly1.cif,s
1rgu,../DATA/db/assemblies/1rgu-assembly1.cif,d
1t3n,../DATA/db/assemblies/1t3n-assembly1.cif,d
1dew,../DATA/db/assemblies/1dew-assembly1.cif,s
1rzr,../DATA/db/assemblies/1rzr-assembly2.cif,s
1sfu,../DATA/db/assemblies/1sfu-assembly1.cif,d
1zqo,../DATA/db/assemblies/1zqo-assembly1.cif,d
1eon,../DATA/db/assemblies/1eon-assembly1.cif,s
1ebm,../DATA/db/assemblies/1ebm-assembly1.cif,s
1t9j,../DATA/db/assemblies/1t9j-assembly1.cif,s
1tn9,../DATA/db/assemblies/1tn9-assembly1.cif,s
1qp7,../DATA/db/assemblies/1qp7-assembly1.cif,s
1zaa,../DATA/db/assemblies/1zaa-assembly1.cif,s
1y6f,../DATA/db/assemblies/1y6f-assembly1.cif,d
1kfv,../DATA/db/assemblies/1kfv-assembly1.cif,s
1vas,../DATA/db/assemblies/1vas-assembly1.cif,s
1a1f,../DATA/db/assemblies/1a1f-assembly1.cif,s
1rxw,../DATA/db/assemblies/1rxw-assembly1.cif,d
1keg,../DATA/db/assemblies/1keg-assembly1.cif,d
1rm1,../DATA/db/assemblies/1rm1-assembly1.cif,s
1o3q,../DATA/db/assemblies/1o3q-assembly1.cif,s
1bc8,../DATA/db/assemblies/1bc8-assembly1.cif,s
1v14,../DATA/db/assemblies/1v14-assembly1.cif,s
1cz0,../DATA/db/assemblies/1cz0-assembly1.cif,s
1r4o,../DATA/db/assemblies/1r4o-assembly1.cif,s
1zzi,../DATA/db/assemblies/1zzi-assembly1.cif,d
1f2i,../DATA/db/assemblies/1f2i-assembly1.cif,s
1by4,../DATA/db/assemblies/1by4-assembly1.cif,s
1xhu,../DATA/db/assemblies/1xhu-assembly1.cif,s
1h8a,../DATA/db/assemblies/1h8a-assembly1.cif,s
1exj,../DATA/db/assemblies/1exj-assembly1.cif,s
2br0,../DATA/db/assemblies/2br0-assembly1.cif,d
1kb2,../DATA/db/assemblies/1kb2-assembly1.cif,s
1eo3,../DATA/db/assemblies/1eo3-assembly1.cif,s
1zet,../DATA/db/assemblies/1zet-assembly1.cif,d
1kc6,../DATA/db/assemblies/1kc6-assembly1.cif,s
1qai,../DATA/db/assemblies/1qai-assembly1.cif,d
2agq,../DATA/db/assemblies/2agq-assembly1.cif,d
1rcs,../DATA/db/assemblies/1rcs-assembly1.cif,s
1jko,../DATA/db/assemblies/1jko-assembly1.cif,s
2c28,../DATA/db/assemblies/2c28-assembly1.cif,d
2crx,../DATA/db/assemblies/2crx-assembly1.cif,d
1mhd,../DATA/db/assemblies/1mhd-assembly1.cif,s
1wtv,../DATA/db/assemblies/1wtv-assembly1.cif,s
1ksy,../DATA/db/assemblies/1ksy-assembly1.cif,s
1emj,../DATA/db/assemblies/1emj-assembly1.cif,s
1zqb,../DATA/db/assemblies/1zqb-assembly1.cif,d
1h89,../DATA/db/assemblies/1h89-assembly1.cif,s
1lwt,../DATA/db/assemblies/1lwt-assembly1.cif,s
2f5p,../DATA/db/assemblies/2f5p-assembly1.cif,s
1cgp,../DATA/db/assemblies/1cgp-assembly1.cif,s
1zg5,../DATA/db/assemblies/1zg5-assembly1.cif,s
1hry,../DATA/db/assemblies/1hry-assembly1.cif,s
1a1g,../DATA/db/assemblies/1a1g-assembly1.cif,s
1b69,../DATA/db/assemblies/1b69-assembly1.cif,s
1am9,../DATA/db/assemblies/1am9-assembly1.cif,s
2c62,../DATA/db/assemblies/2c62-assembly1.cif,d
1y6g,../DATA/db/assemblies/1y6g-assembly1.cif,s
1a6y,../DATA/db/assemblies/1a6y-assembly1.cif,s
2euw,../DATA/db/assemblies/2euw-assembly1.cif,s
1h0m,../DATA/db/assemblies/1h0m-assembly1.cif,s
2bq3,../DATA/db/assemblies/2bq3-assembly1.cif,d
1i6j,../DATA/db/assemblies/1i6j-assembly1.cif,d
2drp,../DATA/db/assemblies/2drp-assembly1.cif,s
1m5r,../DATA/db/assemblies/1m5r-assembly1.cif,s
1s6m,../DATA/db/assemblies/1s6m-assembly1.cif,d
1jj6,../DATA/db/assemblies/1jj6-assembly1.cif,s
1oe5,../DATA/db/assemblies/1oe5-assembly1.cif,d
1ig4,../DATA/db/assemblies/1ig4-assembly1.cif,d
1dnk,../DATA/db/assemblies/1dnk-assembly1.cif,s
1jj4,../DATA/db/assemblies/1jj4-assembly1.cif,s
1egw,../DATA/db/assemblies/1egw-assembly1.cif,s
1zvv,../DATA/db/assemblies/1zvv-assembly2.cif,s
1h88,../DATA/db/assemblies/1h88-assembly1.cif,s
1eyu,../DATA/db/assemblies/1eyu-assembly1.cif,s
1q3u,../DATA/db/assemblies/1q3u-assembly1.cif,d
1zns,../DATA/db/assemblies/1zns-assembly1.cif,s
1pvq,../DATA/db/assemblies/1pvq-assembly1.cif,d
1rcn,../DATA/db/assemblies/1rcn-assembly1.cif,d
1n6j,../DATA/db/assemblies/1n6j-assembly1.cif,s
1ssp,../DATA/db/assemblies/1ssp-assembly1.cif,d
2dgc,../DATA/db/assemblies/2dgc-assembly1.cif,s
1yuj,../DATA/db/assemblies/1yuj-assembly1.cif,s
1j47,../DATA/db/assemblies/1j47-assembly1.cif,s
1nfk,../DATA/db/assemblies/1nfk-assembly1.cif,s
1qbj,../DATA/db/assemblies/1qbj-assembly1.cif,f
1hap,../DATA/db/assemblies/1hap-assembly1.cif,d
1l1t,../DATA/db/assemblies/1l1t-assembly1.cif,d
1v15,../DATA/db/assemblies/1v15-assembly1.cif,s
1k7a,../DATA/db/assemblies/1k7a-assembly1.cif,s
1tc3,../DATA/db/assemblies/1tc3-assembly1.cif,s
1k6o,../DATA/db/assemblies/1k6o-assembly1.cif,s
1m07,../DATA/db/assemblies/1m07-assembly1.cif,d
1n3a,../DATA/db/assemblies/1n3a-assembly1.cif,s
1wte,../DATA/db/assemblies/1wte-assembly1.cif,s
1ztg,../DATA/db/assemblies/1ztg-assembly1.cif,d
1ewn,../DATA/db/assemblies/1ewn-assembly1.cif,d
1y8z,../DATA/db/assemblies/1y8z-assembly1.cif,d
1qps,../DATA/db/assemblies/1qps-assembly1.cif,s
1tro,../DATA/db/assemblies/1tro-assembly1.cif,s
1az0,../DATA/db/assemblies/1az0-assembly1.cif,s
1sx5,../DATA/db/assemblies/1sx5-assembly1.cif,s
1j46,../DATA/db/assemblies/1j46-assembly1.cif,s
1lmb,../DATA/db/assemblies/1lmb-assembly1.cif,s
1eri,../DATA/db/assemblies/1eri-assembly1.cif,s
1bnz,../DATA/db/assemblies/1bnz-assembly1.cif,s
1s0n,../DATA/db/assemblies/1s0n-assembly1.cif,s
1fjx,../DATA/db/assemblies/1fjx-assembly1.cif,s
1jxl,../DATA/db/assemblies/1jxl-assembly1.cif,d
1kbu,../DATA/db/assemblies/1kbu-assembly1.cif,d
1hu0,../DATA/db/assemblies/1hu0-assembly1.cif,s
1g2d,../DATA/db/assemblies/1g2d-assembly1.cif,s
1per,../DATA/db/assemblies/1per-assembly1.cif,s
1zgw,../DATA/db/assemblies/1zgw-assembly1.cif,s
2f5n,../DATA/db/assemblies/2f5n-assembly1.cif,d
1s40,../DATA/db/assemblies/1s40-assembly1.cif,d
1lfu,../DATA/db/assemblies/1lfu-assembly1.cif,s
2f5q,../DATA/db/assemblies/2f5q-assembly1.cif,d
1qn5,../DATA/db/assemblies/1qn5-assembly1.cif,s
1jmc,../DATA/db/assemblies/1jmc-assembly1.cif,d
1qp4,../DATA/db/assemblies/1qp4-assembly1.cif,s
1du0,../DATA/db/assemblies/1du0-assembly1.cif,s
1zqf,../DATA/db/assemblies/1zqf-assembly1.cif,d
1l2c,../DATA/db/assemblies/1l2c-assembly1.cif,d
1akh,../DATA/db/assemblies/1akh-assembly1.cif,s
1bbx,../DATA/db/assemblies/1bbx-assembly1.cif,s
1jk1,../DATA/db/assemblies/1jk1-assembly1.cif,s
1hlo,../DATA/db/assemblies/1hlo-assembly1.cif,s
2acj,../DATA/db/assemblies/2acj-assembly1.cif,f
1m3q,../DATA/db/assemblies/1m3q-assembly1.cif,s
2agp,../DATA/db/assemblies/2agp-assembly1.cif,d
2cdm,../DATA/db/assemblies/2cdm-assembly1.cif,d
1nnj,../DATA/db/assemblies/1nnj-assembly1.cif,d
1yqm,../DATA/db/assemblies/1yqm-assembly1.cif,d
1cjg,../DATA/db/assemblies/1cjg-assembly1.cif,s
1vrl,../DATA/db/assemblies/1vrl-assembly1.cif,s
1eo4,../DATA/db/assemblies/1eo4-assembly1.cif,d
1p51,../DATA/db/assemblies/1p51-assembly1.cif,s
1trr,../DATA/db/assemblies/1trr-assembly1.cif,s
1zqk,../DATA/db/assemblies/1zqk-assembly1.cif,d
2c2e,../DATA/db/assemblies/2c2e-assembly1.cif,d
1emh,../DATA/db/assemblies/1emh-assembly1.cif,s
1t9i,../DATA/db/assemblies/1t9i-assembly1.cif,s
1lwv,../DATA/db/assemblies/1lwv-assembly1.cif,s
1dfm,../DATA/db/assemblies/1dfm-assembly1.cif,s
1ksx,../DATA/db/assemblies/1ksx-assembly1.cif,s
1yfl,../DATA/db/assemblies/1yfl-assembly2.cif,d
1owr,../DATA/db/assemblies/1owr-assembly1.cif,s
1de8,../DATA/db/assemblies/1de8-assembly1.cif,d
1esg,../DATA/db/assemblies/1esg-assembly1.cif,s
1tw8,../DATA/db/assemblies/1tw8-assembly1.cif,s
2dem,../DATA/db/assemblies/2dem-assembly1.cif,d
2dpi,../DATA/db/assemblies/2dpi-assembly1.cif,d
1zqt,../DATA/db/assemblies/1zqt-assembly1.cif,d
1muh,../DATA/db/assemblies/1muh-assembly1.cif,d
1mus,../DATA/db/assemblies/1mus-assembly1.cif,d
1qnb,../DATA/db/assemblies/1qnb-assembly1.cif,s
1ryr,../DATA/db/assemblies/1ryr-assembly1.cif,s
1odh,../DATA/db/assemblies/1odh-assembly1.cif,s
1cdw,../DATA/db/assemblies/1cdw-assembly1.cif,s
2c5r,../DATA/db/assemblies/2c5r-assembly1.cif,s
1xo0,../DATA/db/assemblies/1xo0-assembly1.cif,d
1ytb,../DATA/db/assemblies/1ytb-assembly1.cif,s
1ph4,../DATA/db/assemblies/1ph4-assembly1.cif,d
2c9l,../DATA/db/assemblies/2c9l-assembly1.cif,s
1k79,../DATA/db/assemblies/1k79-assembly1.cif,s
1ruo,../DATA/db/assemblies/1ruo-assembly1.cif,s
1rh6,../DATA/db/assemblies/1rh6-assembly1.cif,s
1ph7,../DATA/db/assemblies/1ph7-assembly1.cif,d
1r4r,../DATA/db/assemblies/1r4r-assembly1.cif,s
1zqi,../DATA/db/assemblies/1zqi-assembly1.cif,d
1rpe,../DATA/db/assemblies/1rpe-assembly1.cif,s
1nk2,../DATA/db/assemblies/1nk2-assembly1.cif,s
2a6o,../DATA/db/assemblies/2a6o-assembly1.cif,d
1vkx,../DATA/db/assemblies/1vkx-assembly1.cif,s
1ysa,../DATA/db/assemblies/1ysa-assembly1.cif,s
1bdh,../DATA/db/assemblies/1bdh-assembly1.cif,s
1jft,../DATA/db/assemblies/1jft-assembly1.cif,s
1diz,../DATA/db/assemblies/1diz-assembly1.cif,s
1rrq,../DATA/db/assemblies/1rrq-assembly1.cif,d
1qp9,../DATA/db/assemblies/1qp9-assembly2.cif,s
1zay,../DATA/db/assemblies/1zay-assembly1.cif,s
1hcr,../DATA/db/assemblies/1hcr-assembly1.cif,s
1ddn,../DATA/db/assemblies/1ddn-assembly1.cif,s
1tgh,../DATA/db/assemblies/1tgh-assembly1.cif,s
1lb2,../DATA/db/assemblies/1lb2-assembly1.cif,s
1j3e,../DATA/db/assemblies/1j3e-assembly1.cif,d
1jkq,../DATA/db/assemblies/1jkq-assembly1.cif,s
1a1j,../DATA/db/assemblies/1a1j-assembly1.cif,u
1rva,../DATA/db/assemblies/1rva-assembly1.cif,u
1n48,../DATA/db/assemblies/1n48-assembly1.cif,u
1wet,../DATA/db/assemblies/1wet-assembly1.cif,u
1jh9,../DATA/db/assemblies/1jh9-assembly1.cif,u
1xjv,../DATA/db/assemblies/1xjv-assembly1.cif,u
1ipp,../DATA/db/assemblies/1ipp-assembly1.cif,u
1aay,../DATA/db/assemblies/1aay-assembly1.cif,u
1zrc,../DATA/db/assemblies/1zrc-assembly1.cif,u
1qnc,../DATA/db/assemblies/1qnc-assembly1.cif,u
1ph8,../DATA/db/assemblies/1ph8-assembly1.cif,u
2efw,../DATA/db/assemblies/2efw-assembly2.cif,u
1q3v,../DATA/db/assemblies/1q3v-assembly1.cif,u
1gat,../DATA/db/assemblies/1gat-assembly1.cif,u
1iaw,../DATA/db/assemblies/1iaw-assembly1.cif,u
1a73,../DATA/db/assemblies/1a73-assembly1.cif,u
1zx4,../DATA/db/assemblies/1zx4-assembly1.cif,u
1hwt,../DATA/db/assemblies/1hwt-assembly2.cif,u
1d5y,../DATA/db/assemblies/1d5y-assembly1.cif,u
1lwy,../DATA/db/assemblies/1lwy-assembly1.cif,u
1qqa,../DATA/db/assemblies/1qqa-assembly1.cif,u
1ckq,../DATA/db/assemblies/1ckq-assembly1.cif,u
2c7p,../DATA/db/assemblies/2c7p-assembly1.cif,u
1l1z,../DATA/db/assemblies/1l1z-assembly1.cif,u
1lat,../DATA/db/assemblies/1lat-assembly1.cif,u
1dmu,../DATA/db/assemblies/1dmu-assembly1.cif,u
1qn6,../DATA/db/assemblies/1qn6-assembly1.cif,u
1skm,../DATA/db/assemblies/1skm-assembly1.cif,u
1pvr,../DATA/db/assemblies/1pvr-assembly1.cif,u
1flo,../DATA/db/assemblies/1flo-assembly1.cif,u
1qx0,../DATA/db/assemblies/1qx0-assembly1.cif,u
1ic8,../DATA/db/assemblies/1ic8-assembly1.cif,u
1qna,../DATA/db/assemblies/1qna-assembly1.cif,u
1ph9,../DATA/db/assemblies/1ph9-assembly1.cif,u
1r8d,../DATA/db/assemblies/1r8d-assembly1.cif,u
1hlz,../DATA/db/assemblies/1hlz-assembly1.cif,u
2erg,../DATA/db/assemblies/2erg-assembly1.cif,u
2asj,../DATA/db/assemblies/2asj-assembly2.cif,u
1d3u,../DATA/db/assemblies/1d3u-assembly1.cif,u
1xs9,../DATA/db/assemblies/1xs9-assembly1.cif,u
1jj8,../DATA/db/assemblies/1jj8-assembly1.cif,u
2ahi,../DATA/db/assemblies/2ahi-assembly1.cif,u
1zqs,../DATA/db/assemblies/1zqs-assembly1.cif,u
1t38,../DATA/db/assemblies/1t38-assembly1.cif,u
1vrr,../DATA/db/assemblies/1vrr-assembly1.cif,u
2e52,../DATA/db/assemblies/2e52-assembly1.cif,u
1rb8,../DATA/db/assemblies/1rb8-assembly1.cif,u
1stx,../DATA/db/assemblies/1stx-assembly1.cif,u
1yrn,../DATA/db/assemblies/1yrn-assembly1.cif,u
1qn7,../DATA/db/assemblies/1qn7-assembly1.cif,u
1h9t,../DATA/db/assemblies/1h9t-assembly1.cif,u
1svc,../DATA/db/assemblies/1svc-assembly1.cif,u
1u0d,../DATA/db/assemblies/1u0d-assembly1.cif,u
2evj,../DATA/db/assemblies/2evj-assembly1.cif,u
1ijw,../DATA/db/assemblies/1ijw-assembly1.cif,u
2bpf,../DATA/db/assemblies/2bpf-assembly1.cif,u
2ayb,../DATA/db/assemblies/2ayb-assembly1.cif,u
1nvp,../DATA/db/assemblies/1nvp-assembly1.cif,u
1bdv,../DATA/db/assemblies/1bdv-assembly1.cif,u
1ph1,../DATA/db/assemblies/1ph1-assembly1.cif,u
1mht,../DATA/db/assemblies/1mht-assembly1.cif,u
1le9,../DATA/db/assemblies/1le9-assembly1.cif,u
1yui,../DATA/db/assemblies/1yui-assembly1.cif,u
2bop,../DATA/db/assemblies/2bop-assembly1.cif,u
1b3t,../DATA/db/assemblies/1b3t-assembly1.cif,u
1yo5,../DATA/db/assemblies/1yo5-assembly1.cif,u
1par,../DATA/db/assemblies/1par-assembly1.cif,u
1huo,../DATA/db/assemblies/1huo-assembly1.cif,u
1ngm,../DATA/db/assemblies/1ngm-assembly1.cif,u
1a1i,../DATA/db/assemblies/1a1i-assembly1.cif,u
1ph6,../DATA/db/assemblies/1ph6-assembly1.cif,u
1drg,../DATA/db/assemblies/1drg-assembly1.cif,u
1llm,../DATA/db/assemblies/1llm-assembly1.cif,u
1sax,../DATA/db/assemblies/1sax-assembly1.cif,u
2aq4,../DATA/db/assemblies/2aq4-assembly1.cif,u
2bzf,../DATA/db/assemblies/2bzf-assembly1.cif,u
1an4,../DATA/db/assemblies/1an4-assembly1.cif,u
2au0,../DATA/db/assemblies/2au0-assembly1.cif,u
1ecr,../DATA/db/assemblies/1ecr-assembly1.cif,u
1pa6,../DATA/db/assemblies/1pa6-assembly1.cif,u
1yqk,../DATA/db/assemblies/1yqk-assembly1.cif,u
2bpg,../DATA/db/assemblies/2bpg-assembly1.cif,u
1qn8,../DATA/db/assemblies/1qn8-assembly1.cif,u
1puf,../DATA/db/assemblies/1puf-assembly1.cif,u
1l3l,../DATA/db/assemblies/1l3l-assembly1.cif,u
2bqr,../DATA/db/assemblies/2bqr-assembly1.cif,u
1j1v,../DATA/db/assemblies/1j1v-assembly1.cif,u
1rfi,../DATA/db/assemblies/1rfi-assembly1.cif,u
2aoq,../DATA/db/assemblies/2aoq-assembly1.cif,u
1xyi,../DATA/db/assemblies/1xyi-assembly1.cif,u
1qpz,../DATA/db/assemblies/1qpz-assembly1.cif,u
1b94,../DATA/db/assemblies/1b94-assembly1.cif,u
1zqc,../DATA/db/assemblies/1zqc-assembly1.cif,u
1rc8,../DATA/db/assemblies/1rc8-assembly1.cif,u
1a1h,../DATA/db/assemblies/1a1h-assembly1.cif,u
2evg,../DATA/db/assemblies/2evg-assembly1.cif,u
1r0o,../DATA/db/assemblies/1r0o-assembly1.cif,u
1d66,../DATA/db/assemblies/1d66-assembly1.cif,u
2asl,../DATA/db/assemblies/2asl-assembly1.cif,u
1mj2,../DATA/db/assemblies/1mj2-assembly1.cif,u
1pt3,../DATA/db/assemblies/1pt3-assembly1.cif,u
1hao,../DATA/db/assemblies/1hao-assembly1.cif,u
2ezv,../DATA/db/assemblies/2ezv-assembly1.cif,u
1ais,../DATA/db/assemblies/1ais-assembly1.cif,u
1lbg,../DATA/db/assemblies/1lbg-assembly1.cif,u
1oe4,../DATA/db/assemblies/1oe4-assembly1.cif,u
2ea0,../DATA/db/assemblies/2ea0-assembly1.cif,u
1yfi,../DATA/db/assemblies/1yfi-assembly1.cif,u
1gu4,../DATA/db/assemblies/1gu4-assembly1.cif,u
1k61,../DATA/db/assemblies/1k61-assembly1.cif,u
2ady,../DATA/db/assemblies/2ady-assembly1.cif,u
1nk3,../DATA/db/assemblies/1nk3-assembly1.cif,u
1r8e,../DATA/db/assemblies/1r8e-assembly1.cif,u
1s0o,../DATA/db/assemblies/1s0o-assembly1.cif,u
1glu,../DATA/db/assemblies/1glu-assembly1.cif,u
1phj,../DATA/db/assemblies/1phj-assembly1.cif,u
1rrs,../DATA/db/assemblies/1rrs-assembly1.cif,u
1a66,../DATA/db/assemblies/1a66-assembly1.cif,u
1f5e,../DATA/db/assemblies/1f5e-assembly1.cif,u
1sxq,../DATA/db/assemblies/1sxq-assembly1.cif,u
1c8c,../DATA/db/assemblies/1c8c-assembly1.cif,u
1qpi,../DATA/db/assemblies/1qpi-assembly1.cif,u
2as5,../DATA/db/assemblies/2as5-assembly1.cif,u
1i3j,../DATA/db/assemblies/1i3j-assembly1.cif,u
1q0t,../DATA/db/assemblies/1q0t-assembly1.cif,u
1cf7,../DATA/db/assemblies/1cf7-assembly1.cif,u
1kqq,../DATA/db/assemblies/1kqq-assembly1.cif,u
1r7m,../DATA/db/assemblies/1r7m-assembly1.cif,u
1jt0,../DATA/db/assemblies/1jt0-assembly1.cif,u
2c7o,../DATA/db/assemblies/2c7o-assembly1.cif,u
1mjm,../DATA/db/assemblies/1mjm-assembly1.cif,u
1jx4,../DATA/db/assemblies/1jx4-assembly1.cif,u
1d0e,../DATA/db/assemblies/1d0e-assembly1.cif,u
2ere,../DATA/db/assemblies/2ere-assembly1.cif,u
1r2z,../DATA/db/assemblies/1r2z-assembly1.cif,u
2etw,../DATA/db/assemblies/2etw-assembly1.cif,u
1m5x,../DATA/db/assemblies/1m5x-assembly1.cif,u
1s10,../DATA/db/assemblies/1s10-assembly1.cif,u
1wtx,../DATA/db/assemblies/1wtx-assembly1.cif,u
2er8,../DATA/db/assemblies/2er8-assembly1.cif,u
1an2,../DATA/db/assemblies/1an2-assembly1.cif,u
1qzh,../DATA/db/assemblies/1qzh-assembly1.cif,u
1huz,../DATA/db/assemblies/1huz-assembly1.cif,u
1jfs,../DATA/db/assemblies/1jfs-assembly1.cif,u
1a74,../DATA/db/assemblies/1a74-assembly1.cif,u
2ago,../DATA/db/assemblies/2ago-assembly1.cif,u
2bpa,../DATA/db/assemblies/2bpa-assembly1.cif,u
1zq3,../DATA/db/assemblies/1zq3-assembly1.cif,u
2f5o,../DATA/db/assemblies/2f5o-assembly1.cif,u
2a07,../DATA/db/assemblies/2a07-assembly1.cif,u
1bgb,../DATA/db/assemblies/1bgb-assembly1.cif,u
1b72,../DATA/db/assemblies/1b72-assembly1.cif,u
2dpu,../DATA/db/assemblies/2dpu-assembly1.cif,u
1g9y,../DATA/db/assemblies/1g9y-assembly1.cif,u
1je8,../DATA/db/assemblies/1je8-assembly1.cif,u
1au7,../DATA/db/assemblies/1au7-assembly1.cif,u
1x0f,../DATA/db/assemblies/1x0f-assembly1.cif,u
1bp7,../DATA/db/assemblies/1bp7-assembly2.cif,u
1vpw,../DATA/db/assemblies/1vpw-assembly1.cif,u
2a66,../DATA/db/assemblies/2a66-assembly1.cif,u
1xsd,../DATA/db/assemblies/1xsd-assembly1.cif,u
1vol,../DATA/db/assemblies/1vol-assembly1.cif,u
1xpx,../DATA/db/assemblies/1xpx-assembly1.cif,u
2aor,../DATA/db/assemblies/2aor-assembly1.cif,u
1nh2,../DATA/db/assemblies/1nh2-assembly1.cif,u
1c0w,../DATA/db/assemblies/1c0w-assembly1.cif,u
1ya6,../DATA/db/assemblies/1ya6-assembly2.cif,u
1b01,../DATA/db/assemblies/1b01-assembly1.cif,u
1j5k,../DATA/db/assemblies/1j5k-assembly1.cif,u
1sa3,../DATA/db/assemblies/1sa3-assembly1.cif,u
1qn3,../DATA/db/assemblies/1qn3-assembly1.cif,u
2dpj,../DATA/db/assemblies/2dpj-assembly1.cif,u
2f5s,../DATA/db/assemblies/2f5s-assembly1.cif,u
1qqb,../DATA/db/assemblies/1qqb-assembly1.cif,u
1g2f,../DATA/db/assemblies/1g2f-assembly1.cif,u
1zrf,../DATA/db/assemblies/1zrf-assembly1.cif,u
1jfi,../DATA/db/assemblies/1jfi-assembly1.cif,u
1r0n,../DATA/db/assemblies/1r0n-assembly1.cif,u
1iv6,../DATA/db/assemblies/1iv6-assembly1.cif,u
1le8,../DATA/db/assemblies/1le8-assembly1.cif,u
2bnw,../DATA/db/assemblies/2bnw-assembly1.cif,u
1w0t,../DATA/db/assemblies/1w0t-assembly1.cif,u
2e1c,../DATA/db/assemblies/2e1c-assembly1.cif,u
1hcq,../DATA/db/assemblies/1hcq-assembly1.cif,u
1m3h,../DATA/db/assemblies/1m3h-assembly1.cif,u
2dnj,../DATA/db/assemblies/2dnj-assembly1.cif,u
1bc7,../DATA/db/assemblies/1bc7-assembly1.cif,u
1a1l,../DATA/db/assemblies/1a1l-assembly1.cif,u
1bj6,../DATA/db/assemblies/1bj6-assembly1.cif,u
1exi,../DATA/db/assemblies/1exi-assembly1.cif,u
1vfc,../DATA/db/assemblies/1vfc-assembly1.cif,u
1wtb,../DATA/db/assemblies/1wtb-assembly1.cif,u
1f44,../DATA/db/assemblies/1f44-assembly1.cif,u
